,Qianyu 1 tile names
0,Thumbs
1,al_60cm_2019_30088_m_3008816_se_16_060_20191115
2,al_60cm_2019_30088_m_3008824_ne_16_060_20191115
3,ca_60cm_2018_33118_m_3311805_se_11_060_20180723
4,ca_60cm_2018_33118_m_3311814_ne_11_060_20180723
5,ca_60cm_2018_33118_m_3311814_nw_11_060_20180723
6,ca_60cm_2018_33118_m_3311814_se_11_060_20180723
7,ca_60cm_2018_33118_m_3311814_sw_11_060_20180723
8,ca_60cm_2018_33118_m_3311815_nw_11_060_20180723
9,ca_60cm_2018_33118_m_3311815_sw_11_060_20180723
10,ca_60cm_2018_33118_m_3311822_ne_11_060_20180723
11,ca_60cm_2018_37122_m_3712205_ne_10_060_20180723
12,ca_60cm_2018_37122_m_3712205_se_10_060_20180723
13,ca_60cm_2018_37122_m_3712206_sw_10_060_20180723
14,ca_60cm_2018_38122_m_3812262_se_10_060_20180723
15,ca_60cm_2018_38122_m_3812263_sw_10_060_20180723
16,ca_60cm_2018_38122_m_3812264_se_10_060_20180715
17,ca_60cm_2018_38122_m_3812264_sw_10_060_20180715
18,fl_60cm_2019_26080_m_2608063_ne_17_060_20191120
19,fl_60cm_2019_26080_m_2608064_nw_17_060_20191120
20,fl_60cm_2019_27082_m_2708205_ne_17_060_20191129
21,fl_60cm_2019_27082_m_2708205_nw_17_060_20191129
22,fl_60cm_2019_27082_m_2708205_se_17_060_20191129
23,fl_60cm_2019_27082_m_2708205_sw_17_060_20191129
24,fl_60cm_2019_27082_m_2708212_ne_17_060_20191129
25,fl_60cm_2019_30081_m_3008135_se_17_060_20191119
26,fl_60cm_2019_30081_m_3008136_se_17_060_20191119
27,fl_60cm_2019_30081_m_3008136_sw_17_060_20191119
28,fl_60cm_2019_30081_m_3008143_ne_17_060_20191119
29,fl_60cm_2019_30081_m_3008144_nw_17_060_20191119
30,la_60cm_2019_29089_m_2908901_ne_16_060_20190707
31,la_60cm_2019_29089_m_2908901_se_16_060_20190707
32,la_60cm_2019_29089_m_2908901_sw_16_060_20190707
33,la_60cm_2019_29089_m_2908909_nw_16_060_20190707
34,la_60cm_2019_29089_m_2908917_nw_16_060_20190707
35,la_60cm_2019_29089_m_2908917_sw_16_060_20190707
36,la_60cm_2019_29090_m_2909002_nw_15_060_20190707
37,la_60cm_2019_29090_m_2909006_nw_15_060_20190707
38,la_60cm_2019_29090_m_2909006_sw_15_060_20190707
39,la_60cm_2019_29090_m_2909007_nw_15_060_20190707
40,la_60cm_2019_29090_m_2909007_se_15_060_20190707
41,la_60cm_2019_29090_m_2909007_sw_15_060_20190707
42,la_60cm_2019_29090_m_2909008_se_15_060_20190707
43,la_60cm_2019_29090_m_2909008_sw_15_060_20190707
44,la_60cm_2019_29090_m_2909016_ne_15_060_20190707
45,la_60cm_2019_29090_m_2909016_se_15_060_20190707
46,la_60cm_2019_29090_m_2909017_sw_15_060_20190707
47,la_60cm_2019_29090_m_2909019_sw_15_060_20190707
48,la_60cm_2019_29090_m_2909025_ne_15_060_20190902
49,la_60cm_2019_29090_m_2909027_ne_15_060_20190906
50,la_60cm_2019_29090_m_2909027_nw_15_060_20190906
51,la_60cm_2019_29090_m_2909029_nw_15_060_20190707
52,la_60cm_2019_29090_m_2909029_se_15_060_20190707
53,la_60cm_2019_29090_m_2909038_ne_15_060_20190707
54,la_60cm_2019_29090_m_2909038_se_15_060_20190707
55,la_60cm_2019_29090_m_2909043_nw_15_060_20190830
56,la_60cm_2019_29090_m_2909046_ne_15_060_20190830
57,la_60cm_2019_29090_m_2909055_sw_15_060_20190830
58,la_60cm_2019_29090_m_2909063_nw_15_060_20190830
59,la_60cm_2019_29093_m_2909309_se_15_060_20190726
60,la_60cm_2019_30090_m_3009058_sw_15_060_20190831
61,la_60cm_2019_30090_m_3009059_ne_15_060_20190831
62,la_60cm_2019_30090_m_3009059_se_15_060_20190831
63,la_60cm_2019_30090_m_3009060_nw_15_060_20190831
64,la_60cm_2019_30090_m_3009060_sw_15_060_20190831
65,la_60cm_2019_30091_m_3009131_se_15_060_20190726
66,la_60cm_2019_30091_m_3009131_sw_15_060_20190726
67,la_60cm_2019_30091_m_3009139_ne_15_060_20190726
68,la_60cm_2019_30091_m_3009139_nw_15_060_20190726
69,ma_60cm_2018_42071_m_4207140_se_19_060_20181016
70,pa_60cm_2019_39075_m_3907508_nw_18_060_20191015
